-- 1. Nh‚n viÍn 
CREATE TABLE NHANVIEN (
    MANV CHAR(3) PRIMARY KEY,
    HONV NVARCHAR2(15),
    TENLOT NVARCHAR2(15),
    TENNV NVARCHAR2(15),
    NGAYSINH DATE,
    DCHI NVARCHAR2(50),
    PHAI NVARCHAR2(3),
    LUONG NUMBER(10,2),
    MA_NQL CHAR(3), 
    PHG NUMBER(2)   
);

-- 2. Ph?ng ban 
CREATE TABLE PHONGBAN (
    MAPHG NUMBER(2) PRIMARY KEY,
    TENPHG NVARCHAR2(30) NOT NULL,
    TRPHG CHAR(3), 
    NG_NHANCHUC DATE,
    FOREIGN KEY (TRPHG) REFERENCES NHANVIEN(MANV)
);

-- 3. Khůa ngo?i cho b?ng NHANVIEN
ALTER TABLE NHANVIEN ADD FOREIGN KEY (PHG) REFERENCES PHONGBAN(MAPHG);
ALTER TABLE NHANVIEN ADD FOREIGN KEY (MA_NQL) REFERENCES NHANVIEN(MANV);

-- 4. –?a ūi?m ph?ng ban
CREATE TABLE DIADIEM_PHG (
    MAPHG NUMBER(2),
    DIADIEM NVARCHAR2(30),
    PRIMARY KEY (MAPHG, DIADIEM),
    FOREIGN KEY (MAPHG) REFERENCES PHONGBAN(MAPHG)
);

-- 5.–? Šn
CREATE TABLE DEAN (
    MADA CHAR(3) PRIMARY KEY,
    TENDA NVARCHAR2(50) NOT NULL,
    DDIEM_DA NVARCHAR2(30),
    PHONG NUMBER(2),
    FOREIGN KEY (PHONG) REFERENCES PHONGBAN(MAPHG)
);

-- 6.Ph‚n cŰng
CREATE TABLE PHANCONG (
    MA_NVIEN CHAR(3),
    MADA CHAR(3),
    THOIGIAN NUMBER(5,1),
    PRIMARY KEY (MA_NVIEN, MADA),
    FOREIGN KEY (MA_NVIEN) REFERENCES NHANVIEN(MANV),
    FOREIGN KEY (MADA) REFERENCES DEAN(MADA)
);

-- 7. Th‚n nh‚n
CREATE TABLE THANNHAN (
    MA_NVIEN CHAR(3),
    TENTN NVARCHAR2(20),
    PHAI NVARCHAR2(3),
    NGAYSINH DATE,
    QUANHE NVARCHAR2(15),
    PRIMARY KEY (MA_NVIEN, TENTN),
    FOREIGN KEY (MA_NVIEN) REFERENCES NHANVIEN(MANV)
);

-- 1. ThÍm 2 Ph?ng ban 
INSERT INTO PHONGBAN (MAPHG, TENPHG, TRPHG, NG_NHANCHUC) 
VALUES (1, N'NghiÍn c?u', NULL, TO_DATE('01/01/2020', 'DD/MM/YYYY'));

INSERT INTO PHONGBAN (MAPHG, TENPHG, TRPHG, NG_NHANCHUC) 
VALUES (2, N'–i?u hŗnh', NULL, TO_DATE('15/05/2021', 'DD/MM/YYYY'));

-- 2. ThÍm 2 Nh‚n viÍn 
-- Nh‚n viÍn 1 
INSERT INTO NHANVIEN (MANV, HONV, TENLOT, TENNV, NGAYSINH, DCHI, PHAI, LUONG, MA_NQL, PHG)
VALUES ('001', N'Nguy?n', N'V„n', N'An', TO_DATE('10/05/1980', 'DD/MM/YYYY'), N'TP.HCM', N'Nam', 25000, NULL, 2);

-- Nh‚n viÍn 2 
INSERT INTO NHANVIEN (MANV, HONV, TENLOT, TENNV, NGAYSINH, DCHI, PHAI, LUONG, MA_NQL, PHG)
VALUES ('002', N'Tr?n', N'Th?', N'B?nh', TO_DATE('20/10/1990', 'DD/MM/YYYY'), N'B?nh Dżűng', N'N?', 15000, '001', 1);

-- 3. B? nhi?m Trż?ng ph?ng cho 2 ph?ng ban ? trÍn
UPDATE PHONGBAN SET TRPHG = '002' WHERE MAPHG = 1; -- Tr?n Th? B?nh lŗm trż?ng ph?ng NghiÍn c?u
UPDATE PHONGBAN SET TRPHG = '001' WHERE MAPHG = 2; -- Nguy?n V„n An lŗm trż?ng ph?ng –i?u hŗnh

-- 4. B?ng –?a ūi?m ph?ng ban
INSERT INTO DIADIEM_PHG (MAPHG, DIADIEM) VALUES (1, N'Hŗ N?i');
INSERT INTO DIADIEM_PHG (MAPHG, DIADIEM) VALUES (2, N'TP.HCM');

-- 5. B?ng –? Šn
INSERT INTO DEAN (MADA, TENDA, DDIEM_DA, PHONG) 
VALUES ('DA1', N'S?n ph?m X', N'Hŗ N?i', 1);

INSERT INTO DEAN (MADA, TENDA, DDIEM_DA, PHONG) 
VALUES ('DA2', N'M? r?ng th? trż?ng', N'TP.HCM', 2);

-- 6. B?ng Ph‚n cŰng (Ai lŗm ū? Šn nŗo, th?i gian bao l‚u)
INSERT INTO PHANCONG (MA_NVIEN, MADA, THOIGIAN) VALUES ('001', 'DA2', 20.5);
INSERT INTO PHANCONG (MA_NVIEN, MADA, THOIGIAN) VALUES ('002', 'DA1', 15.0);

-- 7. B?ng Th‚n nh‚n 
INSERT INTO THANNHAN (MA_NVIEN, TENTN, PHAI, NGAYSINH, QUANHE) 
VALUES ('001', N'Nguy?n V„n Bť', N'Nam', TO_DATE('01/01/2010', 'DD/MM/YYYY'), N'Con trai');

INSERT INTO THANNHAN (MA_NVIEN, TENTN, PHAI, NGAYSINH, QUANHE) 
VALUES ('002', N'LÍ Th? Ch‚u', N'N?', TO_DATE('05/05/2015', 'DD/MM/YYYY'), N'Con gŠi');

COMMIT;

